Username,Password,Full Name,Mobile No.,Private Key,Public key
Prateek123,Prateek@123,Prateek kumawat,1234567890,-----BEGIN PRIVATE KEY-----MIGHAgEAMBMGByqGSM49AgEGCCqGSM49AwEHBG0wawIBAQQgwbr3zZpuzHBkl9FWgRqXvMrbB7C+oWeJgIck9KMhkbehRANCAAQkshyq57ggwgRw9F1SpVXIoUtY1dgqXEEQdPnyKkPZE0cZwJPJZskJkxR4IxERQnaqn+goktdus1y+1o87yBXI-----END PRIVATE KEY-----,-----BEGIN PUBLIC KEY-----MFkwEwYHKoZIzj0CAQYIKoZIzj0DAQcDQgAEJLIcque4IMIEcPRdUqVVyKFLWNXYKlxBEHT58ipD2RNHGcCTyWbJCZMUeCMREUJ2qp/oKJLXbrNcvtaPO8gVyA==-----END PUBLIC KEY-----
Ram123,Ram@123,Ram kumawat,2143658709,-----BEGIN PRIVATE KEY-----MIGHAgEAMBMGByqGSM49AgEGCCqGSM49AwEHBG0wawIBAQQgfFUUt5H8FcY0BUtlkgkX0FthGhlGd6eIjZTFZ/jEOe6hRANCAASXtaXUPci1CpVA47SMBYMV+WPyKbH1MZx9CtxJuakVBRuukUPI0BrHYN4eW8GgjXIHjWCebUAPta7KB7/Ln9UM-----END PRIVATE KEY-----,-----BEGIN PUBLIC KEY-----MFkwEwYHKoZIzj0CAQYIKoZIzj0DAQcDQgAEl7Wl1D3ItQqVQOO0jAWDFflj8imx9TGcfQrcSbmpFQUbrpFDyNAax2DeHlvBoI1yB41gnm1AD7Wuyge/y5/VDA==-----END PUBLIC KEY-----
Pratap123,Pratap@123,Pratap Singh,3216549870,-----BEGIN PRIVATE KEY-----MIGHAgEAMBMGByqGSM49AgEGCCqGSM49AwEHBG0wawIBAQQgH4ekb7GuGyDSCl8Zpws/0WMDeD37xOEBrs/R8tOe9yehRANCAAR2eK5gzWn/SVIAgZTr7I0ZD7NDExoHyXXF+mU7Hc3uw9QM5+9GoAKSghW0EiBcajqMQnoCIXzH1S+JW9B+sjfQ-----END PRIVATE KEY-----,-----BEGIN PUBLIC KEY-----MFkwEwYHKoZIzj0CAQYIKoZIzj0DAQcDQgAEdniuYM1p/0lSAIGU6+yNGQ+zQxMaB8l1xfplOx3N7sPUDOfvRqACkoIVtBIgXGo6jEJ6AiF8x9UviVvQfrI30A==-----END PUBLIC KEY-----
Mayank123,Mayank@123,Mayank Saxena,9102873645,-----BEGIN PRIVATE KEY-----MIGHAgEAMBMGByqGSM49AgEGCCqGSM49AwEHBG0wawIBAQQgkyc4prwwKdeMkCF7qJVPbQr1sH9T5kHvmvwFOciFM3OhRANCAAQv+1oDZVZHJJEAN4aaFW3s3KfBUxfNoo+3C0nBzBk5ZLDZsXE7ShwLu88cBliuzgv1xzMV9Iyjpu60i+pirSLa-----END PRIVATE KEY-----,-----BEGIN PUBLIC KEY-----MFkwEwYHKoZIzj0CAQYIKoZIzj0DAQcDQgAEL/taA2VWRySRADeGmhVt7NynwVMXzaKPtwtJwcwZOWSw2bFxO0ocC7vPHAZYrs4L9cczFfSMo6butIvqYq0i2g==-----END PUBLIC KEY-----
Bhagi123,Bhagi@123,Bhagi Rath,233565677,-----BEGIN PRIVATE KEY-----MIGHAgEAMBMGByqGSM49AgEGCCqGSM49AwEHBG0wawIBAQQgQTB47gNohB/4pJ5VuxmwO+2SPjFejUv0OxS49HEtTLehRANCAARwFYPGNSoUSHWdhQPrupbCKO5sK5aPxkymmMqHFDlFbCDhbd1HPVLX7qK0dlBH0xYVVGFiietXvM4T8H/4SXR+-----END PRIVATE KEY-----,-----BEGIN PUBLIC KEY-----MFkwEwYHKoZIzj0CAQYIKoZIzj0DAQcDQgAEcBWDxjUqFEh1nYUD67qWwijubCuWj8ZMppjKhxQ5RWwg4W3dRz1S1+6itHZQR9MWFVRhYonrV7zOE/B/+El0fg==-----END PUBLIC KEY-----
Jadeep123,Jadeep@123,Jadeep patidar,3246786699,-----BEGIN PRIVATE KEY-----MIGHAgEAMBMGByqGSM49AgEGCCqGSM49AwEHBG0wawIBAQQgjbJda/iqOcASpj9apq/PDsw6v70Y2sTgk5nhdvp5U2ihRANCAARlytiHpX2FAAARXn6Z5inYwb9aaz3wnUTQQd//0a3ENWamIqRfAaCUlZ1GHrNA7UcrGKoBqllvnwYvLtYWF+3W-----END PRIVATE KEY-----,-----BEGIN PUBLIC KEY-----MFkwEwYHKoZIzj0CAQYIKoZIzj0DAQcDQgAEZcrYh6V9hQAAEV5+meYp2MG/Wms98J1E0EHf/9GtxDVmpiKkXwGglJWdRh6zQO1HKxiqAapZb58GLy7WFhft1g==-----END PUBLIC KEY-----
Rahul123,Rahul@123,Rahul Pradhan,8070667866,"-----BEGIN PRIVATE KEY-----
MIGHAgEAMBMGByqGSM49AgEGCCqGSM49AwEHBG0wawIBAQQgTYUxY8Nohq1bNNbf
v2sHtDEHn4f1FfbrIECTiyC+/mWhRANCAAQmAukNTMJDQUngl7Lxm2x9eFhjfsXW
avu+Ea4apNcOEjaugtobcTCcbn+p2xBGxv4jqPlqGfwwH3jPlFouG4Q1
-----END PRIVATE KEY-----
","-----BEGIN PUBLIC KEY-----
MFkwEwYHKoZIzj0CAQYIKoZIzj0DAQcDQgAEJgLpDUzCQ0FJ4Jey8ZtsfXhYY37F
1mr7vhGuGqTXDhI2roLaG3EwnG5/qdsQRsb+I6j5ahn8MB94z5RaLhuENQ==
-----END PUBLIC KEY-----
"
