Username,Public key
Prateek123,"-----BEGIN PUBLIC KEY-----
MFkwEwYHKoZIzj0CAQYIKoZIzj0DAQcDQgAEJLIcque4IMIEcPRdUqVVyKFLWNXY
KlxBEHT58ipD2RNHGcCTyWbJCZMUeCMREUJ2qp/oKJLXbrNcvtaPO8gVyA==
-----END PUBLIC KEY-----
"
Ram123,"-----BEGIN PUBLIC KEY-----
MFkwEwYHKoZIzj0CAQYIKoZIzj0DAQcDQgAEl7Wl1D3ItQqVQOO0jAWDFflj8imx
9TGcfQrcSbmpFQUbrpFDyNAax2DeHlvBoI1yB41gnm1AD7Wuyge/y5/VDA==
-----END PUBLIC KEY-----
"
Pratap123,"-----BEGIN PUBLIC KEY-----
MFkwEwYHKoZIzj0CAQYIKoZIzj0DAQcDQgAEdniuYM1p/0lSAIGU6+yNGQ+zQxMa
B8l1xfplOx3N7sPUDOfvRqACkoIVtBIgXGo6jEJ6AiF8x9UviVvQfrI30A==
-----END PUBLIC KEY-----
"
Mayank123,"-----BEGIN PUBLIC KEY-----
MFkwEwYHKoZIzj0CAQYIKoZIzj0DAQcDQgAEL/taA2VWRySRADeGmhVt7NynwVMX
zaKPtwtJwcwZOWSw2bFxO0ocC7vPHAZYrs4L9cczFfSMo6butIvqYq0i2g==
-----END PUBLIC KEY-----
"
Jaydeep123,"-----BEGIN PUBLIC KEY-----
MFkwEwYHKoZIzj0CAQYIKoZIzj0DAQcDQgAER28bwgRP7aTVoI7jZo8Vwvg7XIkZ
rgzWgOt382ZRX6dz24ebb9lXxhixEnNycVwcwt9LYoEFVyR+sAFoyXF6YQ==
-----END PUBLIC KEY-----
"
Bhagi123,"-----BEGIN PUBLIC KEY-----
MFkwEwYHKoZIzj0CAQYIKoZIzj0DAQcDQgAENRoSgDfpE+NX+4eFGL5cDh8Q7XUZ
UyWAdoq7d5+0hfs418xrQ+YKbInFpkcSLLOeh/Agh8A3lVcQMyOamM2MQw==
-----END PUBLIC KEY-----
"
Rahul123,"-----BEGIN PUBLIC KEY-----
MFkwEwYHKoZIzj0CAQYIKoZIzj0DAQcDQgAEJgLpDUzCQ0FJ4Jey8ZtsfXhYY37F
1mr7vhGuGqTXDhI2roLaG3EwnG5/qdsQRsb+I6j5ahn8MB94z5RaLhuENQ==
-----END PUBLIC KEY-----
"
